818737029,ual-nmht,ユニアデックス,SOIK,名前 氏名1,2026/2/12,C100785926-00042,1,新木場,越中島,電車,,,,167
818737029,ual-nmht,ユニアデックス,SOIK,名前 氏名1,2026/2/12,C100785926-00042,2,越中島,新木場,電車,,,,167
821014782,ual-nmht,ユニアデックス,SOIK,名前 氏名1,2026/2/19,C100785926-00042,1,新木場,越中島,電車,,,,167
821014782,ual-nmht,ユニアデックス,SOIK,名前 氏名1,2026/2/19,C100785926-00042,2,越中島,新木場,電車,,,,167
822121474,ual-nmht,ユニアデックス,SOIK,名前 氏名1,2026/2/25,C100785926-00042,1,東雲橋交差点,門前仲町,バス,,,,210
822121474,ual-nmht,ユニアデックス,SOIK,名前 氏名1,2026/2/25,C100785926-00042,2,門前仲町,東雲橋交差点,バス,,,,210
822121706,ual-nmht,ユニアデックス,SOIK,名前 氏名1,2026/2/26,C100785926-00042,1,新木場,越中島,電車,,,,167
822121706,ual-nmht,ユニアデックス,SOIK,名前 氏名1,2026/2/26,C100785926-00042,2,越中島,新木場,電車,,,,167
822197765,ual-nmht,ユニアデックス,SOIK,名前 氏名1,2026/2/28,C100785926-00042,1,新木場,越中島,電車,,,,167
822197765,ual-nmht,ユニアデックス,SOIK,名前 氏名1,2026/2/28,C100785926-00042,2,越中島,新木場,電車,,,,167
818882908,ual-nmht,ユニアデックス,DYAM,名前 氏名2,2026/2/13,C100785940-00042,1,東雲橋交差点,門前仲町,バス,,,,210
818882908,ual-nmht,ユニアデックス,DYAM,名前 氏名2,2026/2/13,C100785940-00042,2,門前仲町,東雲橋交差点,バス,,,,210
817550424,ual-nmht,ユニアデックス,RHAT,名前 氏名3,2026/2/8,C100792421-00045,1,渋谷,大崎,JR,,,,167
817550424,ual-nmht,ユニアデックス,RHAT,名前 氏名3,2026/2/8,C100792421-00045,2,大崎,渋谷,JR,,,,167
817550424,ual-nmht,ユニアデックス,RHAT,名前 氏名3,2026/2/8,C100792421-00045,1,,,,宿泊費　2/7,,,10022
817520581,ual-nmht,ユニアデックス,RHAT,名前 氏名3,2026/2/9,C100792421-00045,1,渋谷,大崎,JR,,,,167
817520581,ual-nmht,ユニアデックス,RHAT,名前 氏名3,2026/2/9,C100792421-00045,2,大崎,渋谷,JR,,,,167
818954300,ual-nmht,ユニアデックス,RHAT,名前 氏名3,2026/2/15,C100792421-00045,1,渋谷,大崎,JR,,,,167
818954300,ual-nmht,ユニアデックス,RHAT,名前 氏名3,2026/2/15,C100792421-00045,2,大崎,渋谷,JR,,,,167
819011172,ual-nmht,ユニアデックス,RHAT,名前 氏名3,2026/2/16,C100792421-00045,1,渋谷,大崎,JR,,,,167
819011172,ual-nmht,ユニアデックス,RHAT,名前 氏名3,2026/2/16,C100792421-00045,2,大崎,渋谷,JR,,,,167
820350621,ual-nmht,ユニアデックス,RHAT,名前 氏名3,2026/2/20,C100792421-00045,1,渋谷,大崎,JR,,,,167
820350621,ual-nmht,ユニアデックス,RHAT,名前 氏名3,2026/2/20,C100792421-00045,2,大崎,有楽町,JR,,,,178
821122844,ual-nmht,ユニアデックス,RHAT,名前 氏名3,2026/2/25,C100792421-00045,1,渋谷,大崎,JR,,,,167
821122844,ual-nmht,ユニアデックス,RHAT,名前 氏名3,2026/2/25,C100792421-00045,2,大崎,渋谷,JR,,,,167
821424661,ual-nmht,ユニアデックス,RHAT,名前 氏名3,2026/2/26,C100792421-00045,1,渋谷,池袋,JR,,,,178
821424661,ual-nmht,ユニアデックス,RHAT,名前 氏名3,2026/2/26,C100792421-00045,2,池袋,永田町,JR,,,,209
816431010,ual-nmht,ユニアデックス,GMIY,名前 氏名4,2026/2/3,C100792430-00045,1,日暮里,大崎,JR/メトロ,,,,208
816431010,ual-nmht,ユニアデックス,GMIY,名前 氏名4,2026/2/3,C100792430-00045,2,大崎,日暮里,JR/メトロ,,,,208
816433023,ual-nmht,ユニアデックス,GMIY,名前 氏名4,2026/2/8,C100792430-00045,1,日暮里,さがみ野,JR/メトロ,,,,864
816433023,ual-nmht,ユニアデックス,GMIY,名前 氏名4,2026/2/8,C100792430-00045,2,さがみ野,日暮里,JR/メトロ,,,,864
817430106,ual-nmht,ユニアデックス,GMIY,名前 氏名4,2026/2/9,C100792430-00045,1,日暮里,さがみ野,JR/メトロ,,,,864
817430106,ual-nmht,ユニアデックス,GMIY,名前 氏名4,2026/2/9,C100792430-00045,2,さがみ野,日暮里,JR/メトロ,,,,864
819748414,ual-nmht,ユニアデックス,GMIY,名前 氏名4,2026/2/18,C100792430-00045,1,日暮里,平和島,JR/メトロ,,,,388
819748414,ual-nmht,ユニアデックス,GMIY,名前 氏名4,2026/2/18,C100792430-00045,2,平和島,豊洲,JR/メトロ,,,,525
821444659,ual-nmht,ユニアデックス,GMIY,名前 氏名4,2026/2/26,C100792430-00045,1,東京,新神戸,新幹線,,,,15290
821444659,ual-nmht,ユニアデックス,GMIY,名前 氏名4,2026/2/26,C100792430-00045,2,新神戸,元町,JR/メトロ,,,,360
821444659,ual-nmht,ユニアデックス,GMIY,名前 氏名4,2026/2/26,C100792430-00045,1,,,,出張手当2/26 (新神戸),,,1200
821444659,ual-nmht,ユニアデックス,GMIY,名前 氏名4,2026/2/26,C100792430-00045,2,,,,宿泊費3泊分 2/26～3/1 (新神戸),,,26000
821509093,ual-nmht,ユニアデックス,GMIY,名前 氏名4,2026/2/27,C100792430-00045,1,元町,和田岬,JR/メトロ,,,,360
821509093,ual-nmht,ユニアデックス,GMIY,名前 氏名4,2026/2/27,C100792430-00045,2,和田岬,元町,JR/メトロ,,,,360
821509093,ual-nmht,ユニアデックス,GMIY,名前 氏名4,2026/2/27,C100792430-00045,1,,,,出張手当2/27 (新神戸),,,1200
821509344,ual-nmht,ユニアデックス,GMIY,名前 氏名4,2026/2/28,C100792430-00045,1,元町,和田,JR/メトロ,,,,360
821509344,ual-nmht,ユニアデックス,GMIY,名前 氏名4,2026/2/28,C100792430-00045,2,和田,元町,JR/メトロ,,,,360
821509344,ual-nmht,ユニアデックス,GMIY,名前 氏名4,2026/2/28,C100792430-00045,1,,,,出張手当2/28 (新神戸),,,1200
817144900,ual-nmht,ユニアデックス,MSAI,名前 氏名5,2026/2/5,C100792463-00045,1,船橋,赤坂見附,電車,,,,584
817144900,ual-nmht,ユニアデックス,MSAI,名前 氏名5,2026/2/5,C100792463-00045,2,赤坂見附,自宅,タクシー,,,,15380
813124348,ual-nmht,ユニアデックス,MSAI,名前 氏名5,2026/2/6,C100792463-00045,1,船橋,羽田空港第1ターミナ,電車,,,,1002
813124348,ual-nmht,ユニアデックス,MSAI,名前 氏名5,2026/2/6,C100792463-00045,2,羽田空港,長崎空港,飛行機,,,,55780
813124348,ual-nmht,ユニアデックス,MSAI,名前 氏名5,2026/2/6,C100792463-00045,3,長崎空港,長崎駅,バス,,,,1400
813124348,ual-nmht,ユニアデックス,MSAI,名前 氏名5,2026/2/6,C100792463-00045,4,長崎,長与,電車,,,,270
813124348,ual-nmht,ユニアデックス,MSAI,名前 氏名5,2026/2/6,C100792463-00045,1,,,,出張,,,1200
813124348,ual-nmht,ユニアデックス,MSAI,名前 氏名5,2026/2/6,C100792463-00045,2,,,,ホテルオアシスガーデン,,,12100
813124414,ual-nmht,ユニアデックス,MSAI,名前 氏名5,2026/2/7,C100792463-00045,1,長崎駅,長崎空港,バス,,,,1400
813124414,ual-nmht,ユニアデックス,MSAI,名前 氏名5,2026/2/7,C100792463-00045,2,長崎空港,羽田空港,飛行機,,,,55780
813124414,ual-nmht,ユニアデックス,MSAI,名前 氏名5,2026/2/7,C100792463-00045,3,羽田空港第一ターミナ,船橋,電車,,,,1002
813124414,ual-nmht,ユニアデックス,MSAI,名前 氏名5,2026/2/7,C100792463-00045,1,,,,出張 2/7,,,1200
813124414,ual-nmht,ユニアデックス,MSAI,名前 氏名5,2026/2/7,C100792463-00045,2,,,,出張 2/8,,,1200
813124414,ual-nmht,ユニアデックス,MSAI,名前 氏名5,2026/2/7,C100792463-00045,3,,,,休日移動 2/8,,,1600
813124414,ual-nmht,ユニアデックス,MSAI,名前 氏名5,2026/2/7,C100792463-00045,4,,,,長崎バスターミナルホテル,,,14230
818280400,ual-nmht,ユニアデックス,MSAI,名前 氏名5,2026/2/12,C100792463-00045,1,豊洲,有楽町,電車,,,,178
818280400,ual-nmht,ユニアデックス,MSAI,名前 氏名5,2026/2/12,C100792463-00045,2,有楽町,船橋,電車,,,,406
818612153,ual-nmht,ユニアデックス,MSAI,名前 氏名5,2026/2/13,C100792463-00045,1,船橋,有楽町,電車,,,,406
818612153,ual-nmht,ユニアデックス,MSAI,名前 氏名5,2026/2/13,C100792463-00045,2,有楽町,豊洲,電車,,,,178
819378115,ual-nmht,ユニアデックス,MSAI,名前 氏名5,2026/2/16,C100792463-00045,1,船橋,羽田空港第一ターミナ,電車,,,,1002
819378115,ual-nmht,ユニアデックス,MSAI,名前 氏名5,2026/2/16,C100792463-00045,2,羽田空港,長崎空港,飛行機,,,,55780
819378115,ual-nmht,ユニアデックス,MSAI,名前 氏名5,2026/2/16,C100792463-00045,3,長崎空港,佐世保駅,バス,,,,1500
819378115,ual-nmht,ユニアデックス,MSAI,名前 氏名5,2026/2/16,C100792463-00045,1,,,,出張,,,1200
819378115,ual-nmht,ユニアデックス,MSAI,名前 氏名5,2026/2/16,C100792463-00045,2,,,,ホテルリソル佐世保 3泊,,,27000
819761696,ual-nmht,ユニアデックス,MSAI,名前 氏名5,2026/2/17,C100792463-00045,1,,,,出張,,,1200
820133458,ual-nmht,ユニアデックス,MSAI,名前 氏名5,2026/2/18,C100792463-00045,1,,,,出張,,,1200
820136511,ual-nmht,ユニアデックス,MSAI,名前 氏名5,2026/2/19,C100792463-00045,1,佐世保駅,長崎空港,バス,,,,1500
820136511,ual-nmht,ユニアデックス,MSAI,名前 氏名5,2026/2/19,C100792463-00045,2,長崎空港,羽田空港,飛行機,,,,55780
820136511,ual-nmht,ユニアデックス,MSAI,名前 氏名5,2026/2/19,C100792463-00045,3,羽田空港第一ターミナ,船橋,電車,,,,1002
820136511,ual-nmht,ユニアデックス,MSAI,名前 氏名5,2026/2/19,C100792463-00045,1,,,,出張,,,1200
820811641,ual-nmht,ユニアデックス,MSAI,名前 氏名5,2026/2/24,C100792463-00045,1,豊洲,田町,電車,,,,345
820811641,ual-nmht,ユニアデックス,MSAI,名前 氏名5,2026/2/24,C100792463-00045,2,田町,船橋,電車,,,,483
821207541,ual-nmht,ユニアデックス,MSAI,名前 氏名5,2026/2/26,C100792463-00045,1,船橋,さがみ野,電車,,,,1238
821207541,ual-nmht,ユニアデックス,MSAI,名前 氏名5,2026/2/26,C100792463-00045,2,さがみ野,船橋,電車,,,,1238
817890806,ual-nmht,ユニアデックス,TOKA,名前 氏名6,2026/2/10,C100792533-00045,1,新宿,池袋,電車,,,,170
817890806,ual-nmht,ユニアデックス,TOKA,名前 氏名6,2026/2/10,C100792533-00045,2,池袋,新宿,電車,,,,170
820269493,ual-nmht,ユニアデックス,TOKA,名前 氏名6,2026/2/18,C100792533-00045,1,新宿,横浜,電車,,,,580
820269493,ual-nmht,ユニアデックス,TOKA,名前 氏名6,2026/2/18,C100792533-00045,2,横浜,新宿,電車,,,,580
820812447,ual-nmht,ユニアデックス,TOKA,名前 氏名6,2026/2/24,C100792533-00045,1,新宿,池袋,電車,,,,170
820812447,ual-nmht,ユニアデックス,TOKA,名前 氏名6,2026/2/24,C100792533-00045,2,池袋,新宿,電車,,,,170
819115652,ual-nmht,ユニアデックス,MHAY,名前 氏名7,2026/2/12,C100792543-00045,1,東京,高輪ゲートウェイ,JR/私鉄,,,,167
819115652,ual-nmht,ユニアデックス,MHAY,名前 氏名7,2026/2/12,C100792543-00045,2,高輪ゲートウェイ,東京,JR/私鉄,,,,167
818601993,ual-nmht,ユニアデックス,MHAY,名前 氏名7,2026/2/13,C100792543-00045,1,東京,高輪ゲートウェイ,JR/私鉄,,,,167
818601993,ual-nmht,ユニアデックス,MHAY,名前 氏名7,2026/2/13,C100792543-00045,2,高輪ゲートウェイ,東京,JR/私鉄,,,,167
821573423,ual-nmht,ユニアデックス,MHAY,名前 氏名7,2026/2/28,C100792543-00045,1,日暮里,新宿,JR/私鉄,,,,208
821573423,ual-nmht,ユニアデックス,MHAY,名前 氏名7,2026/2/28,C100792543-00045,2,新宿,日暮里,JR/私鉄,,,,208
815646508,ual-nmht,ユニアデックス,SSHO,名前 氏名8,2026/2/2,C100812330-00043,1,,,,02/01顧客対応当番32,,,5000
816576917,ual-nmht,ユニアデックス,SSHO,名前 氏名8,2026/2/4,C100812330-00043,1,,,,02/04顧客対応当番16,,,2500
817545944,ual-nmht,ユニアデックス,SSHO,名前 氏名8,2026/2/9,C100812330-00043,1,,,,02/08顧客対応当番32,,,5000
818249836,ual-nmht,ユニアデックス,SSHO,名前 氏名8,2026/2/12,C100812330-00043,1,,,,02/11顧客対応当番32,,,5000
818249836,ual-nmht,ユニアデックス,SSHO,名前 氏名8,2026/2/12,C100812330-00043,2,,,,02/12顧客対応当番16,,,2500
819046787,ual-nmht,ユニアデックス,SSHO,名前 氏名8,2026/2/16,C100812330-00043,1,,,,02/15顧客対応当番32,,,5000
819735389,ual-nmht,ユニアデックス,SSHO,名前 氏名8,2026/2/18,C100812330-00043,1,,,,02/18顧客対応当番16,,,2500
821513800,ual-nmht,ユニアデックス,SSHO,名前 氏名8,2026/2/26,C100812330-00043,1,,,,02/26顧客対応当番16,,,2500
818296308,ual-nmht,ユニアデックス,IZA,名前 氏名9,2026/2/12,C101040343-00037,1,川崎,桜木町,JR京浜東北線,,,,230
818296308,ual-nmht,ユニアデックス,IZA,名前 氏名9,2026/2/12,C101040343-00037,2,桜木町,川崎,JR京浜東北線,,,,230
818296308,ual-nmht,ユニアデックス,IZA,名前 氏名9,2026/2/12,C101040343-00037,1,,,,JNCIS-SEC　受験料,,,46690
817585375,ual-nmht,ユニアデックス,MAT,名前 氏名10,2026/2/8,C101157426-00038,1,錦糸町,品川,電車,,,,230
817585375,ual-nmht,ユニアデックス,MAT,名前 氏名10,2026/2/8,C101157426-00038,2,品川,大崎,電車,,,,146
817585375,ual-nmht,ユニアデックス,MAT,名前 氏名10,2026/2/8,C101157426-00038,3,大崎,錦糸町,電車　,,,,230
817585375,ual-nmht,ユニアデックス,MAT,名前 氏名10,2026/2/8,C101157426-00038,1,,,,宿泊費(宿泊費＋宿泊税) 2/7,,,10625
817525725,ual-nmht,ユニアデックス,MAT,名前 氏名10,2026/2/9,C101157426-00038,1,錦糸町,大崎,電車,,,,230
817525725,ual-nmht,ユニアデックス,MAT,名前 氏名10,2026/2/9,C101157426-00038,2,大崎,錦糸町,電車,,,,230
818954176,ual-nmht,ユニアデックス,MAT,名前 氏名10,2026/2/15,C101157426-00038,1,錦糸町,大崎,電車,,,,230
818954176,ual-nmht,ユニアデックス,MAT,名前 氏名10,2026/2/15,C101157426-00038,2,大崎,錦糸町,電車,,,,230
819009686,ual-nmht,ユニアデックス,MAT,名前 氏名10,2026/2/16,C101157426-00038,1,錦糸町,大崎,電車,,,,230
819009686,ual-nmht,ユニアデックス,MAT,名前 氏名10,2026/2/16,C101157426-00038,2,大崎,錦糸町,電車,,,,230
820338803,ual-nmht,ユニアデックス,MAT,名前 氏名10,2026/2/20,C101157426-00038,1,豊洲,大崎,電車,,,,356
820338803,ual-nmht,ユニアデックス,MAT,名前 氏名10,2026/2/20,C101157426-00038,2,大崎,豊洲,電車,,,,356
821102172,ual-nmht,ユニアデックス,MAT,名前 氏名10,2026/2/25,C101157426-00038,1,豊洲,大崎,電車,,,,356
821102172,ual-nmht,ユニアデックス,MAT,名前 氏名10,2026/2/25,C101157426-00038,2,大崎,錦糸町,電車,,,,230
822181618,ual-nmht,ユニアデックス,MAT,名前 氏名10,2026/2/28,C101157426-00038,1,錦糸町,新宿,電車,,,,230
822181618,ual-nmht,ユニアデックス,MAT,名前 氏名10,2026/2/28,C101157426-00038,2,新宿,錦糸町,電車,,,,230
820784766,ual-nmht,ユニアデックス,SAI2,名前 氏名11,2026/2/24,C101368856-00032,1,,,,顧客対応当番8：2/22(日),,,1250
818281928,ual-nmht,ユニアデックス,OOT2,名前 氏名12,2026/2/12,C101368871-00033,1,横浜,平和島,電車,,,,320
818281928,ual-nmht,ユニアデックス,OOT2,名前 氏名12,2026/2/12,C101368871-00033,2,平和島,横浜,電車,,,,320
818961123,ual-nmht,ユニアデックス,OOT2,名前 氏名12,2026/2/17,C101368871-00033,1,横浜,平和島,電車,,,,320
818961123,ual-nmht,ユニアデックス,OOT2,名前 氏名12,2026/2/17,C101368871-00033,2,平和島,横浜,電車,,,,320
818961207,ual-nmht,ユニアデックス,OOT2,名前 氏名12,2026/2/20,C101368871-00033,1,横浜,平和島,電車,,,,320
818961207,ual-nmht,ユニアデックス,OOT2,名前 氏名12,2026/2/20,C101368871-00033,2,平和島,横浜,電車,,,,320
818961366,ual-nmht,ユニアデックス,OOT2,名前 氏名12,2026/2/27,C101368871-00033,1,横浜,平和島,電車,,,,320
818961366,ual-nmht,ユニアデックス,OOT2,名前 氏名12,2026/2/27,C101368871-00033,2,平和島,横浜,電車,,,,320
820253232,ual-nmht,ユニアデックス,YAJ,名前 氏名13,2026/2/25,C101675933-00027,1,東雲橋交差点,門前仲町,バス,,,,210
820253232,ual-nmht,ユニアデックス,YAJ,名前 氏名13,2026/2/25,C101675933-00027,2,門前仲町,東雲橋交差点,バス,,,,210
816175423,ual-nmht,ユニアデックス,KIN,名前 氏名14,2026/2/3,C102173933-00019,1,住吉,三ノ宮,JR西日本,,,,200
816175423,ual-nmht,ユニアデックス,KIN,名前 氏名14,2026/2/3,C102173933-00019,2,神戸三宮,大石,阪神電車,,,,160
816175423,ual-nmht,ユニアデックス,KIN,名前 氏名14,2026/2/3,C102173933-00019,3,大石,西灘,阪神電車,,,,160
816175423,ual-nmht,ユニアデックス,KIN,名前 氏名14,2026/2/3,C102173933-00019,4,西灘,神戸三宮,バス,,,,250
816175423,ual-nmht,ユニアデックス,KIN,名前 氏名14,2026/2/3,C102173933-00019,5,三宮,神戸シェラトン,バス,,,,430
816529782,ual-nmht,ユニアデックス,KIN,名前 氏名14,2026/2/4,C102173933-00019,1,大阪,大津,JR西日本,,,,960
816529782,ual-nmht,ユニアデックス,KIN,名前 氏名14,2026/2/4,C102173933-00019,2,大津駅,滋賀県警察本部,タクシー,,,,1000
816529782,ual-nmht,ユニアデックス,KIN,名前 氏名14,2026/2/4,C102173933-00019,3,島ノ関,京阪大津京,京阪電鉄,,,,170
816529782,ual-nmht,ユニアデックス,KIN,名前 氏名14,2026/2/4,C102173933-00019,4,大津京,大阪,JR西日本,,,,960
816529782,ual-nmht,ユニアデックス,KIN,名前 氏名14,2026/2/4,C102173933-00019,5,住吉,三ノ宮,JR西日本,,,,200
816529782,ual-nmht,ユニアデックス,KIN,名前 氏名14,2026/2/4,C102173933-00019,6,三宮,県庁前,神戸市営地下鉄,,,,210
816529782,ual-nmht,ユニアデックス,KIN,名前 氏名14,2026/2/4,C102173933-00019,7,県庁前,三宮,神戸市営地下鉄,,,,210
816529782,ual-nmht,ユニアデックス,KIN,名前 氏名14,2026/2/4,C102173933-00019,8,三宮,神戸ベイシェラトン,神戸みなと観光,,,,430
818226004,ual-nmht,ユニアデックス,KIN,名前 氏名14,2026/2/12,C102173933-00019,1,住吉,三ノ宮,JR西日本,,,,200
818226004,ual-nmht,ユニアデックス,KIN,名前 氏名14,2026/2/12,C102173933-00019,2,三ノ宮,住吉,JR西日本,,,,200
818574940,ual-nmht,ユニアデックス,KIN,名前 氏名14,2026/2/13,C102173933-00019,1,大阪,大津,JR西日本,,,,960
818574940,ual-nmht,ユニアデックス,KIN,名前 氏名14,2026/2/13,C102173933-00019,2,大津,大阪,JR西日本,,,,960
818574940,ual-nmht,ユニアデックス,KIN,名前 氏名14,2026/2/13,C102173933-00019,3,滋賀県警察本部,大津駅,タクシー,,,,900
818574940,ual-nmht,ユニアデックス,KIN,名前 氏名14,2026/2/13,C102173933-00019,4,阿波座,梅田,大阪メトロ,,,,210
819733503,ual-nmht,ユニアデックス,KIN,名前 氏名14,2026/2/18,C102173933-00019,1,住吉,三ノ宮,JR西日本,,,,200
819733503,ual-nmht,ユニアデックス,KIN,名前 氏名14,2026/2/18,C102173933-00019,2,三ノ宮,住吉,JR西日本,,,,200
820009950,ual-nmht,ユニアデックス,KIN,名前 氏名14,2026/2/19,C102173933-00019,1,六甲アイランド,三ノ宮,バス,,,,430
820009950,ual-nmht,ユニアデックス,KIN,名前 氏名14,2026/2/19,C102173933-00019,2,神戸三宮,大石,阪神電車,,,,160
820009950,ual-nmht,ユニアデックス,KIN,名前 氏名14,2026/2/19,C102173933-00019,3,大石,三宮,阪神電車,,,,160
820009950,ual-nmht,ユニアデックス,KIN,名前 氏名14,2026/2/19,C102173933-00019,4,三宮,県庁前,神戸市営地下鉄,,,,210
820009950,ual-nmht,ユニアデックス,KIN,名前 氏名14,2026/2/19,C102173933-00019,5,県庁前,三宮,神戸市営地下鉄,,,,210
820009950,ual-nmht,ユニアデックス,KIN,名前 氏名14,2026/2/19,C102173933-00019,6,三宮,住吉,JR西,,,,200
820313961,ual-nmht,ユニアデックス,KIN,名前 氏名14,2026/2/20,C102173933-00019,1,大阪,石山,JR西日本,,,,960
820313961,ual-nmht,ユニアデックス,KIN,名前 氏名14,2026/2/20,C102173933-00019,2,石山,島ノ関,京阪電車,,,,200
820313961,ual-nmht,ユニアデックス,KIN,名前 氏名14,2026/2/20,C102173933-00019,3,島ノ関,石山,京阪電車,,,,200
820313961,ual-nmht,ユニアデックス,KIN,名前 氏名14,2026/2/20,C102173933-00019,4,石山,大阪,JR西日本,,,,960
820755880,ual-nmht,ユニアデックス,KIN,名前 氏名14,2026/2/24,C102173933-00019,1,住吉,三ノ宮,JR西日本,,,,200
820755880,ual-nmht,ユニアデックス,KIN,名前 氏名14,2026/2/24,C102173933-00019,2,神戸三宮,県庁前,タクシー,,,,1200
820755880,ual-nmht,ユニアデックス,KIN,名前 氏名14,2026/2/24,C102173933-00019,3,県庁前,神戸三宮,タクシー,,,,1500
820755880,ual-nmht,ユニアデックス,KIN,名前 氏名14,2026/2/24,C102173933-00019,4,三ノ宮,住吉,JR西日本,,,,200
816519751,ual-nmht,ユニアデックス,HAS,名前 氏名15,2026/2/2,C102174012-00019,1,,,,プレシャスパーキング中野町　　四国新聞社訪問,,,300
816519744,ual-nmht,ユニアデックス,HAS,名前 氏名15,2026/2/3,C102174012-00019,1,,,,テックパーキング中央町第一,,,200
818990507,ual-nmht,ユニアデックス,HAS,名前 氏名15,2026/2/12,C102174012-00019,1,高松北インター,大阪駅,高速バス,,,,4500
818990579,ual-nmht,ユニアデックス,HAS,名前 氏名15,2026/2/13,C102174012-00019,1,難波湊バスターミナル,高松中央インター,高速バス,,,,4500
818990579,ual-nmht,ユニアデックス,HAS,名前 氏名15,2026/2/13,C102174012-00019,1,,,,東横イン　GFO訪問,,,7675
818990579,ual-nmht,ユニアデックス,HAS,名前 氏名15,2026/2/13,C102174012-00019,2,,,,駐車場　（高松中央バスターミナル）,,,500
816555432,ual-nmht,ユニアデックス,KTR,名前 氏名16,2026/2/4,C102569180-00015,1,嵯峨嵐山,大津,JR西日本,,,,410
816555432,ual-nmht,ユニアデックス,KTR,名前 氏名16,2026/2/4,C102569180-00015,2,大津,嵯峨嵐山,JR西日本,,,,410
820053353,ual-nmht,ユニアデックス,KTR,名前 氏名16,2026/2/19,C102569180-00015,1,京都,大和八木,近鉄,,,,1070
820053353,ual-nmht,ユニアデックス,KTR,名前 氏名16,2026/2/19,C102569180-00015,2,大和八木,京都,近鉄,,,,1070
820774156,ual-nmht,ユニアデックス,KTR,名前 氏名16,2026/2/24,C102569180-00015,1,嵯峨嵐山,小山,JR,,,,9460
820774156,ual-nmht,ユニアデックス,KTR,名前 氏名16,2026/2/24,C102569180-00015,2,小山,嵯峨嵐山,JR,,,,9460
820774156,ual-nmht,ユニアデックス,KTR,名前 氏名16,2026/2/24,C102569180-00015,3,京都,東京,JR東海,,,,5610
820774156,ual-nmht,ユニアデックス,KTR,名前 氏名16,2026/2/24,C102569180-00015,4,東京,小山,JR東日本,,,,2410
820774156,ual-nmht,ユニアデックス,KTR,名前 氏名16,2026/2/24,C102569180-00015,1,,,,宿泊費,,,7505
820774156,ual-nmht,ユニアデックス,KTR,名前 氏名16,2026/2/24,C102569180-00015,2,,,,日当,,,1200
821346964,ual-nmht,ユニアデックス,KTR,名前 氏名16,2026/2/25,C102569180-00015,1,小山,間々田,JR東日本,,,,199
821346964,ual-nmht,ユニアデックス,KTR,名前 氏名16,2026/2/25,C102569180-00015,2,間々田,小山,JR東日本,,,,199
821346964,ual-nmht,ユニアデックス,KTR,名前 氏名16,2026/2/25,C102569180-00015,1,,,,日当,,,1200
821346964,ual-nmht,ユニアデックス,KTR,名前 氏名16,2026/2/25,C102569180-00015,2,,,,宿泊費,,,7505
821816464,ual-nmht,ユニアデックス,KTR,名前 氏名16,2026/2/26,C102569180-00015,1,小山,間々田,JR東日本,,,,199
821816464,ual-nmht,ユニアデックス,KTR,名前 氏名16,2026/2/26,C102569180-00015,2,間々田,デンソーテン入口,小山市バス,,,,100
821816464,ual-nmht,ユニアデックス,KTR,名前 氏名16,2026/2/26,C102569180-00015,3,間々田,小山,JR東日本,,,,199
821816464,ual-nmht,ユニアデックス,KTR,名前 氏名16,2026/2/26,C102569180-00015,4,小山,東京,JR東日本,,,,2080
821816464,ual-nmht,ユニアデックス,KTR,名前 氏名16,2026/2/26,C102569180-00015,5,東京,京都,JR東海,,,,5610
821816464,ual-nmht,ユニアデックス,KTR,名前 氏名16,2026/2/26,C102569180-00015,1,,,,日当,,,1200
815629357,ual-nmht,ユニアデックス,TKS,名前 氏名17,2026/2/2,C102575491-00015,1,大正,大阪ビジネスパーク,地下鉄,,,,290
815629357,ual-nmht,ユニアデックス,TKS,名前 氏名17,2026/2/2,C102575491-00015,2,大阪ビジネスパーク,大正,地下鉄,,,,290
815746432,ual-nmht,ユニアデックス,TKS,名前 氏名17,2026/2/4,C102575491-00015,1,梅田,千里中央,地下鉄,,,,380
815746432,ual-nmht,ユニアデックス,TKS,名前 氏名17,2026/2/4,C102575491-00015,2,千里中央,梅田,地下鉄,,,,380
816243523,ual-nmht,ユニアデックス,TKS,名前 氏名17,2026/2/9,C102575491-00015,1,大正,大阪ビジネスパーク,地下鉄,,,,290
816243523,ual-nmht,ユニアデックス,TKS,名前 氏名17,2026/2/9,C102575491-00015,2,大阪ビジネスパーク,大正,地下鉄,,,,290
819016422,ual-nmht,ユニアデックス,TKS,名前 氏名17,2026/2/16,C102575491-00015,1,大正,大阪ビジネスパーク,地下鉄,,,,290
819016422,ual-nmht,ユニアデックス,TKS,名前 氏名17,2026/2/16,C102575491-00015,2,大阪ビジネスパーク,大正,地下鉄,,,,290
819204801,ual-nmht,ユニアデックス,TKS,名前 氏名17,2026/2/21,C102575491-00015,1,大正,大阪ビジネスパーク,地下鉄,,,,290
819204801,ual-nmht,ユニアデックス,TKS,名前 氏名17,2026/2/21,C102575491-00015,2,大阪ビジネスパーク,大正,地下鉄,,,,290
819205269,ual-nmht,ユニアデックス,TKS,名前 氏名17,2026/2/24,C102575491-00015,1,大正,大阪ビジネスパーク,地下鉄,,,,290
819205269,ual-nmht,ユニアデックス,TKS,名前 氏名17,2026/2/24,C102575491-00015,2,大阪ビジネスパーク,大正,地下鉄,,,,290
821834130,ual-nmht,ユニアデックス,TKS,名前 氏名17,2026/2/28,C102575491-00015,1,大阪,京都,JR,,,,580
821834130,ual-nmht,ユニアデックス,TKS,名前 氏名17,2026/2/28,C102575491-00015,2,京都,大阪,JR,,,,580
821834130,ual-nmht,ユニアデックス,TKS,名前 氏名17,2026/2/28,C102575491-00015,3,京都,十条,地下鉄,,,,220
821834130,ual-nmht,ユニアデックス,TKS,名前 氏名17,2026/2/28,C102575491-00015,4,十条,京都,地下鉄,,,,220
815605488,ual-nmht,ユニアデックス,SHI4,名前 氏名18,2026/2/3,C102819068-00013,1,東梅田,天満橋,OsakaMetro,,,,190
815605488,ual-nmht,ユニアデックス,SHI4,名前 氏名18,2026/2/3,C102819068-00013,2,天満橋,東梅田,OsakaMetro,,,,190
815605510,ual-nmht,ユニアデックス,SHI4,名前 氏名18,2026/2/4,C102819068-00013,1,東梅田,天満橋,OsakaMetro,,,,190
815605510,ual-nmht,ユニアデックス,SHI4,名前 氏名18,2026/2/4,C102819068-00013,2,天満橋,東梅田,OsakaMetro,,,,190
815605536,ual-nmht,ユニアデックス,SHI4,名前 氏名18,2026/2/5,C102819068-00013,1,東梅田,天満橋,OsakaMetro,,,,190
815605536,ual-nmht,ユニアデックス,SHI4,名前 氏名18,2026/2/5,C102819068-00013,2,天満橋,東梅田,OsakaMetro,,,,190
816592902,ual-nmht,ユニアデックス,SHI4,名前 氏名18,2026/2/10,C102819068-00013,1,東梅田,天満橋,OsakaMetro,,,,190
816592902,ual-nmht,ユニアデックス,SHI4,名前 氏名18,2026/2/10,C102819068-00013,2,天満橋,東梅田,OsakaMetro,,,,190
816593330,ual-nmht,ユニアデックス,SHI4,名前 氏名18,2026/2/12,C102819068-00013,1,東梅田,天満橋,OsakaMetro,,,,190
816593330,ual-nmht,ユニアデックス,SHI4,名前 氏名18,2026/2/12,C102819068-00013,2,天満橋,東梅田,OsakaMetro,,,,190
816593884,ual-nmht,ユニアデックス,SHI4,名前 氏名18,2026/2/17,C102819068-00013,1,東梅田,天満橋,OsakaMetro,,,,190
816593884,ual-nmht,ユニアデックス,SHI4,名前 氏名18,2026/2/17,C102819068-00013,2,天満橋,東梅田,OsakaMetro,,,,190
816594102,ual-nmht,ユニアデックス,SHI4,名前 氏名18,2026/2/18,C102819068-00013,1,東梅田,天満橋,OsakaMetro,,,,190
816594102,ual-nmht,ユニアデックス,SHI4,名前 氏名18,2026/2/18,C102819068-00013,2,天満橋,東梅田,OsakaMetro,,,,190
816594290,ual-nmht,ユニアデックス,SHI4,名前 氏名18,2026/2/19,C102819068-00013,1,東梅田,天満橋,OsakaMetro,,,,190
816594290,ual-nmht,ユニアデックス,SHI4,名前 氏名18,2026/2/19,C102819068-00013,2,天満橋,東梅田,OsakaMetro,,,,190
816594564,ual-nmht,ユニアデックス,SHI4,名前 氏名18,2026/2/20,C102819068-00013,1,東梅田,天満橋,OsakaMetro,,,,190
816594564,ual-nmht,ユニアデックス,SHI4,名前 氏名18,2026/2/20,C102819068-00013,2,天満橋,東梅田,OsakaMetro,,,,190
816595143,ual-nmht,ユニアデックス,SHI4,名前 氏名18,2026/2/27,C102819068-00013,1,東梅田,天満橋,OsakaMetro,,,,190
816595143,ual-nmht,ユニアデックス,SHI4,名前 氏名18,2026/2/27,C102819068-00013,2,天満橋,東梅田,OsakaMetro,,,,190
815699673,ual-nmht,ユニアデックス,RSK,名前 氏名19,2026/2/1,C103179263-00009,1,馬車道駅,中目黒駅,電車,,,,502
815699673,ual-nmht,ユニアデックス,RSK,名前 氏名19,2026/2/1,C103179263-00009,2,中目黒駅,大坂上,バス,,,,240
815699673,ual-nmht,ユニアデックス,RSK,名前 氏名19,2026/2/1,C103179263-00009,3,大坂上,中目黒駅,バス,,,,240
815699673,ual-nmht,ユニアデックス,RSK,名前 氏名19,2026/2/1,C103179263-00009,4,中目黒駅,馬車道駅,電車,,,,502
816597564,ual-nmht,ユニアデックス,RSK,名前 氏名19,2026/2/4,C103179263-00009,1,,,,顧客対応当番16,,,2500
816598502,ual-nmht,ユニアデックス,RSK,名前 氏名19,2026/2/9,C103179263-00009,1,,,,顧客対応当番16,,,2500
817621969,ual-nmht,ユニアデックス,RSK,名前 氏名19,2026/2/14,C103179263-00009,1,,,,顧客対応当番16,,,2500
816599141,ual-nmht,ユニアデックス,RSK,名前 氏名19,2026/2/19,C103179263-00009,1,,,,顧客対応当番16,,,2500
816599564,ual-nmht,ユニアデックス,RSK,名前 氏名19,2026/2/20,C103179263-00009,1,横浜駅,中野駅,電車,,,,659
816599564,ual-nmht,ユニアデックス,RSK,名前 氏名19,2026/2/20,C103179263-00009,2,中野駅,横浜駅,電車,,,,659
816607340,ual-nmht,ユニアデックス,RSK,名前 氏名19,2026/2/23,C103179263-00009,1,品川駅,東銀座駅,電車,,,,370
816607340,ual-nmht,ユニアデックス,RSK,名前 氏名19,2026/2/23,C103179263-00009,2,銀座四丁目,新豊洲駅前,バス,,,,210
816607340,ual-nmht,ユニアデックス,RSK,名前 氏名19,2026/2/23,C103179263-00009,3,新豊洲駅前,銀座四丁目,バス,,,,210
816607340,ual-nmht,ユニアデックス,RSK,名前 氏名19,2026/2/23,C103179263-00009,4,東銀座駅,品川駅,電車,,,,370
816607340,ual-nmht,ユニアデックス,RSK,名前 氏名19,2026/2/23,C103179263-00009,1,,,,顧客対応当番16,,,2500
817661300,ual-nmht,ユニアデックス,ECH1,名前 氏名20,2026/2/3,C103500439-00007,1,鴨居,中央林間,電車,,,,580
817661300,ual-nmht,ユニアデックス,ECH1,名前 氏名20,2026/2/3,C103500439-00007,2,中央林間,鴨居,電車,,,,580
817661710,ual-nmht,ユニアデックス,ECH1,名前 氏名20,2026/2/4,C103500439-00007,1,東神奈川,新杉田,電車,,,,230
817661710,ual-nmht,ユニアデックス,ECH1,名前 氏名20,2026/2/4,C103500439-00007,2,新杉田,関内,電車,,,,178
817661710,ual-nmht,ユニアデックス,ECH1,名前 氏名20,2026/2/4,C103500439-00007,3,関内,都筑ふれあいの丘,電車,,,,335
817661710,ual-nmht,ユニアデックス,ECH1,名前 氏名20,2026/2/4,C103500439-00007,4,都筑ふれあいの丘駅,ひまわり団地前,タクシー,,,,3100
817661710,ual-nmht,ユニアデックス,ECH1,名前 氏名20,2026/2/4,C103500439-00007,1,,,,顧客対応当番16,,,2500
817662147,ual-nmht,ユニアデックス,ECH1,名前 氏名20,2026/2/6,C103500439-00007,1,鴨居,中央林間,電車,,,,580
817662147,ual-nmht,ユニアデックス,ECH1,名前 氏名20,2026/2/6,C103500439-00007,2,中央林間,鴨居,電車,,,,580
818045388,ual-nmht,ユニアデックス,ECH1,名前 氏名20,2026/2/10,C103500439-00007,1,東神奈川,新杉田,電車,,,,230
818045388,ual-nmht,ユニアデックス,ECH1,名前 氏名20,2026/2/10,C103500439-00007,2,新杉田,関内,電車,,,,178
818378220,ual-nmht,ユニアデックス,ECH1,名前 氏名20,2026/2/11,C103500439-00007,1,鴨居,宮前平,電車,,,,405
818378220,ual-nmht,ユニアデックス,ECH1,名前 氏名20,2026/2/11,C103500439-00007,2,宮前平駅前,東名向丘入口,バス,,,,220
818378220,ual-nmht,ユニアデックス,ECH1,名前 氏名20,2026/2/11,C103500439-00007,3,東名向丘入口,宮前平駅前,バス,,,,220
818378220,ual-nmht,ユニアデックス,ECH1,名前 氏名20,2026/2/11,C103500439-00007,4,宮前平,鴨居,電車,,,,405
818378220,ual-nmht,ユニアデックス,ECH1,名前 氏名20,2026/2/11,C103500439-00007,1,,,,顧客対応当番32,,,5000
819286894,ual-nmht,ユニアデックス,ECH1,名前 氏名20,2026/2/16,C103500439-00007,1,東神奈川,新杉田,電車,,,,230
819286894,ual-nmht,ユニアデックス,ECH1,名前 氏名20,2026/2/16,C103500439-00007,2,新杉田,関内,電車,,,,178
820415224,ual-nmht,ユニアデックス,ECH1,名前 氏名20,2026/2/17,C103500439-00007,1,片倉町,センター南,電車,,,,272
820415224,ual-nmht,ユニアデックス,ECH1,名前 氏名20,2026/2/17,C103500439-00007,2,センター南,片倉町,電車,,,,272
820415437,ual-nmht,ユニアデックス,ECH1,名前 氏名20,2026/2/18,C103500439-00007,1,片倉町,横浜,電車,,,,242
820415437,ual-nmht,ユニアデックス,ECH1,名前 氏名20,2026/2/18,C103500439-00007,2,横浜,片倉町,電車,,,,242
820365900,ual-nmht,ユニアデックス,ECH1,名前 氏名20,2026/2/20,C103500439-00007,1,関内,梶ヶ谷,電車,,,,547
820365900,ual-nmht,ユニアデックス,ECH1,名前 氏名20,2026/2/20,C103500439-00007,2,梶ヶ谷駅,西福寺前,バス,,,,240
820365900,ual-nmht,ユニアデックス,ECH1,名前 氏名20,2026/2/20,C103500439-00007,3,西福寺前,梶ヶ谷駅,バス,,,,240
820365900,ual-nmht,ユニアデックス,ECH1,名前 氏名20,2026/2/20,C103500439-00007,4,梶ヶ谷,鴨居,電車,,,,428
820365900,ual-nmht,ユニアデックス,ECH1,名前 氏名20,2026/2/20,C103500439-00007,1,,,,顧客対応当番16,,,2500
820365900,ual-nmht,ユニアデックス,ECH1,名前 氏名20,2026/2/20,C103500439-00007,2,,,,顧客対応当番32,,,5000
821554330,ual-nmht,ユニアデックス,ECH1,名前 氏名20,2026/2/25,C103500439-00007,1,片倉町,センター南,電車,,,,272
821554330,ual-nmht,ユニアデックス,ECH1,名前 氏名20,2026/2/25,C103500439-00007,2,センター南,片倉町,電車,,,,272
821600531,ual-nmht,ユニアデックス,ECH1,名前 氏名20,2026/2/26,C103500439-00007,1,鴨居,鶴巻温泉,電車,,,,586
821600531,ual-nmht,ユニアデックス,ECH1,名前 氏名20,2026/2/26,C103500439-00007,2,鶴巻温泉,鴨居,電車,,,,586
822058752,ual-nmht,ユニアデックス,ECH1,名前 氏名20,2026/2/27,C103500439-00007,1,片倉町,センター南,電車,,,,272
822058752,ual-nmht,ユニアデックス,ECH1,名前 氏名20,2026/2/27,C103500439-00007,2,センター南,片倉町,電車,,,,272
819615823,ual-nmht,ユニアデックス,WOK,名前 氏名21,2026/2/18,C103545304-00008,1,駒込,池袋,JR,,,,167
819615823,ual-nmht,ユニアデックス,WOK,名前 氏名21,2026/2/18,C103545304-00008,2,池袋,駒込,JR,,,,167
815778574,ual-nmht,ユニアデックス,MOK,名前 氏名22,2026/2/2,C103546365-00007,1,,,,顧客対応当番16(2月2日分),,,2500
817082073,ual-nmht,ユニアデックス,MOK,名前 氏名22,2026/2/5,C103546365-00007,1,立川,南大沢,JR,,,,480
817082073,ual-nmht,ユニアデックス,MOK,名前 氏名22,2026/2/5,C103546365-00007,2,南大沢,立川,JR,,,,480
817573662,ual-nmht,ユニアデックス,MOK,名前 氏名22,2026/2/6,C103546365-00007,1,立川,西府,JR,,,,170
817573662,ual-nmht,ユニアデックス,MOK,名前 氏名22,2026/2/6,C103546365-00007,2,西府,立川,JR,,,,170
817572096,ual-nmht,ユニアデックス,MOK,名前 氏名22,2026/2/9,C103546365-00007,1,立川,武蔵境,JR,,,,230
817572096,ual-nmht,ユニアデックス,MOK,名前 氏名22,2026/2/9,C103546365-00007,2,武蔵境,ヴィーガーデン西東京,バス,,,,230
817572096,ual-nmht,ユニアデックス,MOK,名前 氏名22,2026/2/9,C103546365-00007,3,ヴィーガーデン西東京,武蔵境,バス,,,,230
817572096,ual-nmht,ユニアデックス,MOK,名前 氏名22,2026/2/9,C103546365-00007,4,武蔵境,立川,JR,,,,230
818291921,ual-nmht,ユニアデックス,MOK,名前 氏名22,2026/2/12,C103546365-00007,1,立川,北府中,JR,,,,180
818291921,ual-nmht,ユニアデックス,MOK,名前 氏名22,2026/2/12,C103546365-00007,2,北府中,立川,JR,,,,180
818601113,ual-nmht,ユニアデックス,MOK,名前 氏名22,2026/2/13,C103546365-00007,1,立川,高尾,JR,,,,320
818601113,ual-nmht,ユニアデックス,MOK,名前 氏名22,2026/2/13,C103546365-00007,2,高尾駅,医療センター,バス,,,,200
818601113,ual-nmht,ユニアデックス,MOK,名前 氏名22,2026/2/13,C103546365-00007,3,医療センター,高尾駅,バス,,,,200
818601113,ual-nmht,ユニアデックス,MOK,名前 氏名22,2026/2/13,C103546365-00007,4,高尾,立川,JR,,,,320
820359425,ual-nmht,ユニアデックス,MOK,名前 氏名22,2026/2/20,C103546365-00007,1,立川南,多摩センター,多摩都市モノレール,,,,410
820359425,ual-nmht,ユニアデックス,MOK,名前 氏名22,2026/2/20,C103546365-00007,2,多摩センター,立川南,多摩都市モノレール,,,,410
820798412,ual-nmht,ユニアデックス,MOK,名前 氏名22,2026/2/24,C103546365-00007,1,立川,北府中,JR,,,,180
820798412,ual-nmht,ユニアデックス,MOK,名前 氏名22,2026/2/24,C103546365-00007,2,北府中,立川,JR,,,,180
821285286,ual-nmht,ユニアデックス,MOK,名前 氏名22,2026/2/25,C103546365-00007,1,立川,戸塚,JR,,,,950
821285286,ual-nmht,ユニアデックス,MOK,名前 氏名22,2026/2/25,C103546365-00007,2,戸塚駅,鳥が丘第一公園,バス,,,,240
821285286,ual-nmht,ユニアデックス,MOK,名前 氏名22,2026/2/25,C103546365-00007,3,鳥が丘第一公園,戸塚駅,バス,,,,240
821285286,ual-nmht,ユニアデックス,MOK,名前 氏名22,2026/2/25,C103546365-00007,4,戸塚,立川,JR,,,,950
821445961,ual-nmht,ユニアデックス,MOK,名前 氏名22,2026/2/26,C103546365-00007,1,立川,戸塚,JR,,,,950
821445961,ual-nmht,ユニアデックス,MOK,名前 氏名22,2026/2/26,C103546365-00007,2,戸塚,鳥が丘第一公園,バス,,,,240
821445961,ual-nmht,ユニアデックス,MOK,名前 氏名22,2026/2/26,C103546365-00007,3,鳥が丘第一公園,戸塚,バス,,,,240
821445961,ual-nmht,ユニアデックス,MOK,名前 氏名22,2026/2/26,C103546365-00007,4,戸塚,立川,JR,,,,950
821856714,ual-nmht,ユニアデックス,MOK,名前 氏名22,2026/2/27,C103546365-00007,1,,,,顧客対応当番16(2月27日分),,,2500
816584068,ual-nmht,ユニアデックス,KKM,名前 氏名23,2026/2/4,C103599754-00006,1,農業試験場,新小岩駅,バス,,,,230
816584068,ual-nmht,ユニアデックス,KKM,名前 氏名23,2026/2/4,C103599754-00006,2,東京,京都,新幹線,,,,13870
816584068,ual-nmht,ユニアデックス,KKM,名前 氏名23,2026/2/4,C103599754-00006,3,京都,大津,電車,,,,200
816584068,ual-nmht,ユニアデックス,KKM,名前 氏名23,2026/2/4,C103599754-00006,4,大津,京都,電車,,,,200
816584068,ual-nmht,ユニアデックス,KKM,名前 氏名23,2026/2/4,C103599754-00006,1,,,,日当,,,1200
816584068,ual-nmht,ユニアデックス,KKM,名前 氏名23,2026/2/4,C103599754-00006,2,,,,宿泊費,,,9000
816905767,ual-nmht,ユニアデックス,KKM,名前 氏名23,2026/2/5,C103599754-00006,1,京都,東京,新幹線,,,,13870
816905767,ual-nmht,ユニアデックス,KKM,名前 氏名23,2026/2/5,C103599754-00006,2,新小岩駅,農業試験場,バス,,,,230
816905767,ual-nmht,ユニアデックス,KKM,名前 氏名23,2026/2/5,C103599754-00006,1,,,,日当,,,1200
820618280,ual-nmht,ユニアデックス,JYM,名前 氏名24,2026/2/21,C103637495-00006,1,,,,2/21の停電の復電対応のため自宅～阪急うめだ本店までタクシーを利用,,,5200
816874002,ual-nmht,ユニアデックス,JYM,名前 氏名24,2026/2/24,C103637495-00006,1,大阪,伊丹,電車,,,,240
816874002,ual-nmht,ユニアデックス,JYM,名前 氏名24,2026/2/24,C103637495-00006,2,伊丹,大阪,電車,,,,240
816238750,ual-nmht,ユニアデックス,YCB,名前 氏名25,2026/2/2,C103730956-00005,1,北千住,大手町,電車,,,,209
816238750,ual-nmht,ユニアデックス,YCB,名前 氏名25,2026/2/2,C103730956-00005,2,大手町,北千住,電車,,,,209
817912520,ual-nmht,ユニアデックス,YCB,名前 氏名25,2026/2/9,C103730956-00005,1,北千住,大手町,電車,,,,209
817912520,ual-nmht,ユニアデックス,YCB,名前 氏名25,2026/2/9,C103730956-00005,2,大手町,北千住,電車,,,,209
819434116,ual-nmht,ユニアデックス,YCB,名前 氏名25,2026/2/16,C103730956-00005,1,北千住,大手町,電車,,,,209
819434116,ual-nmht,ユニアデックス,YCB,名前 氏名25,2026/2/16,C103730956-00005,2,大手町,北千住,電車,,,,209
816926244,ual-nmht,ユニアデックス,SGU,名前 氏名26,2026/2/5,C103739710-00005,1,東松戸,平和島,北総鉄道北総線,,,,1048
816926244,ual-nmht,ユニアデックス,SGU,名前 氏名26,2026/2/5,C103739710-00005,2,平和島,東松戸,北総鉄道北総線,,,,1048
817249713,ual-nmht,ユニアデックス,SGU,名前 氏名26,2026/2/6,C103739710-00005,1,豊洲,平和島,有楽町線・都営大江戸線・都営浅草線,,,,514
817249713,ual-nmht,ユニアデックス,SGU,名前 氏名26,2026/2/6,C103739710-00005,2,平和島,東松戸,北総鉄道北総線,,,,1048
817608452,ual-nmht,ユニアデックス,SGU,名前 氏名26,2026/2/9,C103739710-00005,1,東松戸,平和島,北総鉄道北総線,,,,1048
817608452,ual-nmht,ユニアデックス,SGU,名前 氏名26,2026/2/9,C103739710-00005,2,平和島,東松戸,北総鉄道北総線,,,,1048
817918906,ual-nmht,ユニアデックス,SGU,名前 氏名26,2026/2/10,C103739710-00005,1,東松戸,平和島,北総鉄道北総線,,,,1048
817918906,ual-nmht,ユニアデックス,SGU,名前 氏名26,2026/2/10,C103739710-00005,2,平和島,東松戸,北総鉄道北総線,,,,1048
818308440,ual-nmht,ユニアデックス,SGU,名前 氏名26,2026/2/12,C103739710-00005,1,東松戸,平和島,北総鉄道北総線,,,,1048
818308440,ual-nmht,ユニアデックス,SGU,名前 氏名26,2026/2/12,C103739710-00005,2,平和島,東松戸,北総鉄道北総線,,,,1048
818649579,ual-nmht,ユニアデックス,SGU,名前 氏名26,2026/2/13,C103739710-00005,1,東松戸,平和島,北総鉄道北総線,,,,1048
818649579,ual-nmht,ユニアデックス,SGU,名前 氏名26,2026/2/13,C103739710-00005,2,平和島,東松戸,北総鉄道北総線,,,,1048
819092908,ual-nmht,ユニアデックス,SGU,名前 氏名26,2026/2/16,C103739710-00005,1,東松戸,平和島,北総鉄道北総線,,,,1048
819092908,ual-nmht,ユニアデックス,SGU,名前 氏名26,2026/2/16,C103739710-00005,2,平和島,東松戸,北総鉄道北総線,,,,1048
819461801,ual-nmht,ユニアデックス,SGU,名前 氏名26,2026/2/17,C103739710-00005,1,東松戸,平和島,北総鉄道北総線,,,,1048
819461801,ual-nmht,ユニアデックス,SGU,名前 氏名26,2026/2/17,C103739710-00005,2,平和島,東松戸,北総鉄道北総線,,,,1048
819782075,ual-nmht,ユニアデックス,SGU,名前 氏名26,2026/2/18,C103739710-00005,1,東松戸,平和島,北総鉄道北総線,,,,1048
819782075,ual-nmht,ユニアデックス,SGU,名前 氏名26,2026/2/18,C103739710-00005,2,平和島,東松戸,北総鉄道北総線,,,,1048
820090951,ual-nmht,ユニアデックス,SGU,名前 氏名26,2026/2/19,C103739710-00005,1,東松戸,平和島,北総鉄道北総線,,,,1048
820090951,ual-nmht,ユニアデックス,SGU,名前 氏名26,2026/2/19,C103739710-00005,2,平和島,東松戸,北総鉄道北総線,,,,1048
820797664,ual-nmht,ユニアデックス,SGU,名前 氏名26,2026/2/24,C103739710-00005,1,東松戸,平和島,北総鉄道北総線,,,,1048
820797664,ual-nmht,ユニアデックス,SGU,名前 氏名26,2026/2/24,C103739710-00005,2,平和島,東松戸,北総鉄道北総線,,,,1048
821169548,ual-nmht,ユニアデックス,SGU,名前 氏名26,2026/2/25,C103739710-00005,1,東松戸,平和島,北総鉄道北総線,,,,1048
821169548,ual-nmht,ユニアデックス,SGU,名前 氏名26,2026/2/25,C103739710-00005,2,平和島,東松戸,北総鉄道北総線,,,,1048
821448046,ual-nmht,ユニアデックス,SGU,名前 氏名26,2026/2/26,C103739710-00005,1,東松戸,平和島,北総鉄道北総線,,,,1048
821448046,ual-nmht,ユニアデックス,SGU,名前 氏名26,2026/2/26,C103739710-00005,2,平和島,東松戸,北総鉄道北総線,,,,1048
821841528,ual-nmht,ユニアデックス,SGU,名前 氏名26,2026/2/27,C103739710-00005,1,東松戸,平和島,北総鉄道北総線,,,,1048
821841528,ual-nmht,ユニアデックス,SGU,名前 氏名26,2026/2/27,C103739710-00005,2,平和島,東松戸,北総鉄道北総線,,,,1048
821841528,ual-nmht,ユニアデックス,SGU,名前 氏名26,2026/2/27,C103739710-00005,3,新八柱,大宮(埼玉県),2/28出張移動(行き電車),,,,659
821841528,ual-nmht,ユニアデックス,SGU,名前 氏名26,2026/2/27,C103739710-00005,4,大宮(埼玉県),仙台,2/28出張移動(行き新幹線),,,,10670
821841528,ual-nmht,ユニアデックス,SGU,名前 氏名26,2026/2/27,C103739710-00005,5,仙台,泉中央,2/28出張移動(行き電車),,,,310
821841528,ual-nmht,ユニアデックス,SGU,名前 氏名26,2026/2/27,C103739710-00005,6,泉中央,泉ヶ丘南入口,2/28出張移動(行きバス),,,,370
821841528,ual-nmht,ユニアデックス,SGU,名前 氏名26,2026/2/27,C103739710-00005,7,仙台,大宮(埼玉県),3/2出張移動(帰り新幹線),,,,10670
821841528,ual-nmht,ユニアデックス,SGU,名前 氏名26,2026/2/27,C103739710-00005,1,,,,国内出張旅費（宿泊費）,,,18350
821841528,ual-nmht,ユニアデックス,SGU,名前 氏名26,2026/2/27,C103739710-00005,2,,,,日当+休日移動加算(2/28),,,2800
816573021,ual-nmht,ユニアデックス,IBY,名前 氏名27,2026/2/4,C103760290-00005,1,東十条駅,千葉ニュータウン中央,電車,,,,1170
816573021,ual-nmht,ユニアデックス,IBY,名前 氏名27,2026/2/4,C103760290-00005,2,ビジネスモール北,千葉ニュータウン中央,バス,,,,190
816573021,ual-nmht,ユニアデックス,IBY,名前 氏名27,2026/2/4,C103760290-00005,3,千葉ニュータウン中央,東十条駅,電車,,,,1170
816889052,ual-nmht,ユニアデックス,IBY,名前 氏名27,2026/2/5,C103760290-00005,1,東十条駅,才戸,電車・バス,,,,1250
816889052,ual-nmht,ユニアデックス,IBY,名前 氏名27,2026/2/5,C103760290-00005,2,才戸,東十条駅,電車・バス,,,,1250
817638143,ual-nmht,ユニアデックス,IBY,名前 氏名27,2026/2/9,C103760290-00005,1,,,,顧客対応当番　16,,,2500
818605387,ual-nmht,ユニアデックス,IBY,名前 氏名27,2026/2/13,C103760290-00005,1,東十条駅,京成成田駅,電車,,,,970
818605387,ual-nmht,ユニアデックス,IBY,名前 氏名27,2026/2/13,C103760290-00005,2,京成成田駅,東十条駅,電車,,,,970
818947037,ual-nmht,ユニアデックス,IBY,名前 氏名27,2026/2/14,C103760290-00005,1,東十条駅,西船橋駅,電車,,,,490
818947037,ual-nmht,ユニアデックス,IBY,名前 氏名27,2026/2/14,C103760290-00005,2,西船橋,東十条,タクシー,,,,15750
818947037,ual-nmht,ユニアデックス,IBY,名前 氏名27,2026/2/14,C103760290-00005,1,,,,顧客対応当番　32,,,5000
819070499,ual-nmht,ユニアデックス,IBY,名前 氏名27,2026/2/16,C103760290-00005,1,豊洲駅,ちはら台駅,電車,,,,1410
819070499,ual-nmht,ユニアデックス,IBY,名前 氏名27,2026/2/16,C103760290-00005,2,ちはら台駅,東十条駅,電車,,,,1240
819504640,ual-nmht,ユニアデックス,IBY,名前 氏名27,2026/2/17,C103760290-00005,1,,,,顧客対応当番　16,,,2500
820348445,ual-nmht,ユニアデックス,IBY,名前 氏名27,2026/2/20,C103760290-00005,1,東十条駅,千葉ニュータウン中央,電車,,,,1170
820348445,ual-nmht,ユニアデックス,IBY,名前 氏名27,2026/2/20,C103760290-00005,2,千葉ニュータウン中央,東十条駅,電車,,,,1170
816579278,ual-nmht,ユニアデックス,TST,名前 氏名28,2026/2/4,C103781971-00005,1,品川駅,京都駅,新幹線,,,,13770
816579278,ual-nmht,ユニアデックス,TST,名前 氏名28,2026/2/4,C103781971-00005,2,京都駅,大津駅,電車,,,,200
816579278,ual-nmht,ユニアデックス,TST,名前 氏名28,2026/2/4,C103781971-00005,3,大津駅,京都駅,電車,,,,200
816579278,ual-nmht,ユニアデックス,TST,名前 氏名28,2026/2/4,C103781971-00005,1,,,,日当,,,1200
816579278,ual-nmht,ユニアデックス,TST,名前 氏名28,2026/2/4,C103781971-00005,2,,,,宿泊費,,,8510
816880438,ual-nmht,ユニアデックス,TST,名前 氏名28,2026/2/5,C103781971-00005,1,京都駅,品川駅,新幹線,,,,13770
816880438,ual-nmht,ユニアデックス,TST,名前 氏名28,2026/2/5,C103781971-00005,1,,,,日当,,,1200
818985738,ual-nmht,ユニアデックス,TST,名前 氏名28,2026/2/15,C103781971-00005,1,平和島駅,新杉田駅,電車,,,,550
818985738,ual-nmht,ユニアデックス,TST,名前 氏名28,2026/2/15,C103781971-00005,1,,,,宿泊費,,,7150
819050622,ual-nmht,ユニアデックス,TST,名前 氏名28,2026/2/16,C103781971-00005,1,新杉田駅,市大医学部駅,電車,,,,300
819050622,ual-nmht,ユニアデックス,TST,名前 氏名28,2026/2/16,C103781971-00005,2,市大医学部駅,新杉田駅,電車,,,,300
819050622,ual-nmht,ユニアデックス,TST,名前 氏名28,2026/2/16,C103781971-00005,1,,,,宿泊費,,,7150
819429966,ual-nmht,ユニアデックス,TST,名前 氏名28,2026/2/17,C103781971-00005,1,新杉田駅,市大医学部駅,電車,,,,300
819429966,ual-nmht,ユニアデックス,TST,名前 氏名28,2026/2/17,C103781971-00005,2,市大医学部駅,新杉田駅,電車,,,,300
819429966,ual-nmht,ユニアデックス,TST,名前 氏名28,2026/2/17,C103781971-00005,1,,,,宿泊費,,,7150
819741124,ual-nmht,ユニアデックス,TST,名前 氏名28,2026/2/18,C103781971-00005,1,新杉田駅,市大医学部駅,電車,,,,300
819741124,ual-nmht,ユニアデックス,TST,名前 氏名28,2026/2/18,C103781971-00005,2,市大医学部駅,平和島駅,電車,,,,810
815901131,ual-nmht,ユニアデックス,SHK,名前 氏名29,2026/2/1,C103851973-00004,1,東銀座,茅場町,電車,,,,178
815901131,ual-nmht,ユニアデックス,SHK,名前 氏名29,2026/2/1,C103851973-00004,2,茅場町,東銀座,電車,,,,178
815742864,ual-nmht,ユニアデックス,SHK,名前 氏名29,2026/2/2,C103851973-00004,1,東京,大森,電車,,,,230
815742864,ual-nmht,ユニアデックス,SHK,名前 氏名29,2026/2/2,C103851973-00004,2,大森,平和島五丁目,バス,,,,240
815742864,ual-nmht,ユニアデックス,SHK,名前 氏名29,2026/2/2,C103851973-00004,3,平和島五丁目,大森,バス,,,,240
815742864,ual-nmht,ユニアデックス,SHK,名前 氏名29,2026/2/2,C103851973-00004,4,大森,東京,電車,,,,230
817941369,ual-nmht,ユニアデックス,SHK,名前 氏名29,2026/2/8,C103851973-00004,1,東銀座,茅場町,電車,,,,178
817941369,ual-nmht,ユニアデックス,SHK,名前 氏名29,2026/2/8,C103851973-00004,2,茅場町,東銀座,電車,,,,178
821152648,ual-nmht,ユニアデックス,SHK,名前 氏名29,2026/2/25,C103851973-00004,1,東京,大森,電車,,,,230
821152648,ual-nmht,ユニアデックス,SHK,名前 氏名29,2026/2/25,C103851973-00004,2,大森,平和島五丁目,バス,,,,240
821152648,ual-nmht,ユニアデックス,SHK,名前 氏名29,2026/2/25,C103851973-00004,3,平和島五丁目,大森,バス,,,,240
821152648,ual-nmht,ユニアデックス,SHK,名前 氏名29,2026/2/25,C103851973-00004,4,大森,東京,電車,,,,230
821834180,ual-nmht,ユニアデックス,SHK,名前 氏名29,2026/2/27,C103851973-00004,1,東銀座,平和島,電車,,,,448
821834180,ual-nmht,ユニアデックス,SHK,名前 氏名29,2026/2/27,C103851973-00004,2,平和島,東銀座,電車,,,,448
818536558,ual-nmht,ユニアデックス,MSG2,名前 氏名30,2026/2/5,C103865520-00003,1,環七新田,中目黒,電車、バス,,,,740
818536558,ual-nmht,ユニアデックス,MSG2,名前 氏名30,2026/2/5,C103865520-00003,2,中目黒,環七新田,電車、バス,,,,740
818536583,ual-nmht,ユニアデックス,MSG2,名前 氏名30,2026/2/9,C103865520-00003,1,環七新田,浦和,電車、バス,,,,470
818536583,ual-nmht,ユニアデックス,MSG2,名前 氏名30,2026/2/9,C103865520-00003,2,浦和,環七新田,電車、バス,,,,470
818536586,ual-nmht,ユニアデックス,MSG2,名前 氏名30,2026/2/12,C103865520-00003,1,環七新田,東白楽,電車、バス,,,,780
818536586,ual-nmht,ユニアデックス,MSG2,名前 氏名30,2026/2/12,C103865520-00003,2,東白楽,環七新田,電車、バス,,,,780
819689516,ual-nmht,ユニアデックス,MSG2,名前 氏名30,2026/2/17,C103865520-00003,1,環七新田,横浜,電車、バス,,,,980
819689516,ual-nmht,ユニアデックス,MSG2,名前 氏名30,2026/2/17,C103865520-00003,2,横浜,環七新田,電車、バス,,,,980
820300898,ual-nmht,ユニアデックス,MSG2,名前 氏名30,2026/2/19,C103865520-00003,1,環七新田,綱島,電車、バス,,,,780
820300898,ual-nmht,ユニアデックス,MSG2,名前 氏名30,2026/2/19,C103865520-00003,2,綱島,環七新田,電車、バス,,,,780
821069203,ual-nmht,ユニアデックス,MSG2,名前 氏名30,2026/2/24,C103865520-00003,1,環七新田,反町,電車、バス,,,,890
821069203,ual-nmht,ユニアデックス,MSG2,名前 氏名30,2026/2/24,C103865520-00003,2,反町,環七新田,電車、バス,,,,890
821721384,ual-nmht,ユニアデックス,MSG2,名前 氏名30,2026/2/26,C103865520-00003,1,環七新田,白楽,電車、バス,,,,1120
821721384,ual-nmht,ユニアデックス,MSG2,名前 氏名30,2026/2/26,C103865520-00003,2,白楽,環七新田,電車、バス,,,,1120
815660070,ual-nmht,ユニアデックス,SHT,名前 氏名31,2026/2/3,C103876484-00003,1,,,,2/3　顧客対応当番16,,,2500
819596954,ual-nmht,ユニアデックス,SHT,名前 氏名30,2026/2/19,C103876484-00003,1,,,,2/19　顧客対応当番16,,,2500
819597295,ual-nmht,ユニアデックス,SHT,名前 氏名31,2026/2/24,C103876484-00003,1,,,,2/23　顧客対応当番32,,,5000
822153200,ual-nmht,ユニアデックス,YUN,名前 氏名32,2026/2/24,C103982668-00002,1,押上,羽田空港,電車,,,,635
822153200,ual-nmht,ユニアデックス,YUN,名前 氏名32,2026/2/24,C103982668-00002,2,羽田空港,福岡空港,飛行機,,,,26080
822153200,ual-nmht,ユニアデックス,YUN,名前 氏名32,2026/2/24,C103982668-00002,3,福岡空港,博多,電車,,,,260
822153200,ual-nmht,ユニアデックス,YUN,名前 氏名32,2026/2/24,C103982668-00002,1,,,,宿泊費,,,27860
822153200,ual-nmht,ユニアデックス,YUN,名前 氏名32,2026/2/24,C103982668-00002,2,,,,宿泊税,,,400
822153200,ual-nmht,ユニアデックス,YUN,名前 氏名32,2026/2/24,C103982668-00002,3,,,,出張手当,,,1200
822153200,ual-nmht,ユニアデックス,YUN,名前 氏名32,2026/2/24,C103982668-00002,4,,,,休日移動手当　※2/23分,,,1600
822152727,ual-nmht,ユニアデックス,YUN,名前 氏名32,2026/2/25,C103982668-00002,1,博多,福岡空港,電車,,,,260
822152727,ual-nmht,ユニアデックス,YUN,名前 氏名32,2026/2/25,C103982668-00002,2,博多空港,羽田空港,飛行機,,,,42250
822152727,ual-nmht,ユニアデックス,YUN,名前 氏名32,2026/2/25,C103982668-00002,3,羽田空港,押上,電車,,,,635
822152727,ual-nmht,ユニアデックス,YUN,名前 氏名32,2026/2/25,C103982668-00002,1,,,,出張手当,,,1200
819901905,ual-nmht,ユニアデックス,KWD,名前 氏名33,2026/2/18,C103993827-00002,1,二子玉川,平和島,電車,,,,553
819901905,ual-nmht,ユニアデックス,KWD,名前 氏名33,2026/2/18,C103993827-00002,2,平和島,二子玉川,電車,,,,553
820792245,ual-nmht,ユニアデックス,KWD,名前 氏名33,2026/2/24,C103993827-00002,1,,,,タクシー（豊洲本社～NTT虎ノ門ビル）,,,2900
820792245,ual-nmht,ユニアデックス,KWD,名前 氏名33,2026/2/24,C103993827-00002,2,,,,タクシー（NTT虎ノ門ビル～豊洲本社）,,,2300
816598197,ual-nmht,ユニアデックス,WKM,名前 氏名34,2026/2/4,C104021564-00002,1,樟葉,三条,京阪本線,,,,400
816598197,ual-nmht,ユニアデックス,WKM,名前 氏名34,2026/2/4,C104021564-00002,2,三条京阪,島ノ関,京都市営地下鉄,,,,520
816598197,ual-nmht,ユニアデックス,WKM,名前 氏名34,2026/2/4,C104021564-00002,3,島ノ関,三条京阪,京都市営地下鉄,,,,520
816598197,ual-nmht,ユニアデックス,WKM,名前 氏名34,2026/2/4,C104021564-00002,4,三条,樟葉,京阪本線,,,,400
817275748,ual-nmht,ユニアデックス,KZW2,名前 氏名35,2026/2/5,C104024917-00002,1,南船橋,平塚,JR京葉線→JR東海道本線,,,,1518
817275748,ual-nmht,ユニアデックス,KZW2,名前 氏名35,2026/2/5,C104024917-00002,2,平塚駅北口,追分,神奈中バス,,,,210
817275748,ual-nmht,ユニアデックス,KZW2,名前 氏名35,2026/2/5,C104024917-00002,3,追分,平塚駅北口,神奈中バス,,,,210
817275748,ual-nmht,ユニアデックス,KZW2,名前 氏名35,2026/2/5,C104024917-00002,4,平塚,南船橋,JR京葉線→JR東海道本線,,,,1518
819432292,ual-nmht,ユニアデックス,KZW2,名前 氏名35,2026/2/17,C104024917-00002,1,南船橋,海浜幕張,JR京葉線,,,,167
819432292,ual-nmht,ユニアデックス,KZW2,名前 氏名35,2026/2/17,C104024917-00002,1,,,,宿泊費（上司承認済み）,,,14500
820897188,ual-nmht,ユニアデックス,KZW2,名前 氏名35,2026/2/18,C104024917-00002,1,海浜幕張,南船橋,JR京葉線,,,,167
820897642,ual-nmht,ユニアデックス,KZW2,名前 氏名35,2026/2/19,C104024917-00002,1,南船橋,海浜幕張,JR京葉線,,,,167
820897642,ual-nmht,ユニアデックス,KZW2,名前 氏名35,2026/2/19,C104024917-00002,2,海浜幕張,南船橋,JR京葉線,,,,167
820897742,ual-nmht,ユニアデックス,KZW2,名前 氏名35,2026/2/20,C104024917-00002,1,南船橋,海浜幕張,JR京葉線,,,,167
820897742,ual-nmht,ユニアデックス,KZW2,名前 氏名35,2026/2/20,C104024917-00002,2,海浜幕張,南船橋,JR京葉線,,,,167
821628484,ual-nmht,ユニアデックス,KZW2,名前 氏名35,2026/2/25,C104024917-00002,1,新木場,国分寺,JR京葉線→JR中央線,,,,945
821628484,ual-nmht,ユニアデックス,KZW2,名前 氏名35,2026/2/25,C104024917-00002,2,国分寺,東大和市,西武国分寺線→西部拝島線,,,,220
821628484,ual-nmht,ユニアデックス,KZW2,名前 氏名35,2026/2/25,C104024917-00002,3,東大和市,国分寺,西部拝島線→西武国分寺線,,,,220
821628484,ual-nmht,ユニアデックス,KZW2,名前 氏名35,2026/2/25,C104024917-00002,4,国分寺,新木場,JR中央線→JR京葉線,,,,945
815972041,ual-nmht,ユニアデックス,ITI2,名前 氏名36,2026/2/4,C104025320-00002,1,上今泉,海老名駅東口,バス,,,,210
815972041,ual-nmht,ユニアデックス,ITI2,名前 氏名36,2026/2/4,C104025320-00002,2,西谷駅,新横浜駅,電車,,,,258
815972041,ual-nmht,ユニアデックス,ITI2,名前 氏名36,2026/2/4,C104025320-00002,3,新横浜駅,京都駅,新幹線,,,,13100
815972041,ual-nmht,ユニアデックス,ITI2,名前 氏名36,2026/2/4,C104025320-00002,4,京都駅,大津駅,電車,,,,200
815972041,ual-nmht,ユニアデックス,ITI2,名前 氏名36,2026/2/4,C104025320-00002,5,大津駅,京都駅,電車,,,,200
815972041,ual-nmht,ユニアデックス,ITI2,名前 氏名36,2026/2/4,C104025320-00002,1,,,,日当,,,1200
815972041,ual-nmht,ユニアデックス,ITI2,名前 氏名36,2026/2/4,C104025320-00002,2,,,,宿泊費,,,8000
815972041,ual-nmht,ユニアデックス,ITI2,名前 氏名36,2026/2/4,C104025320-00002,3,,,,宿泊税,,,200
815972957,ual-nmht,ユニアデックス,ITI2,名前 氏名36,2026/2/5,C104025320-00002,1,京都駅,新横浜駅,新幹線,,,,13100
815972957,ual-nmht,ユニアデックス,ITI2,名前 氏名36,2026/2/5,C104025320-00002,2,新横浜駅,西谷駅,電車,,,,258
815972957,ual-nmht,ユニアデックス,ITI2,名前 氏名36,2026/2/5,C104025320-00002,3,海老名駅東口,上今泉,バス,,,,210
815972957,ual-nmht,ユニアデックス,ITI2,名前 氏名36,2026/2/5,C104025320-00002,1,,,,日当,,,1200
816059770,ual-nmht,ユニアデックス,YSY,名前 氏名37,2026/2/2,C104123159-00002,1,,,,その他の費用(10%) 2/1 顧客対応当番32,,,5000
816798943,ual-nmht,ユニアデックス,YSY,名前 氏名37,2026/2/3,C104123159-00002,1,新橋,関内,JR(乗車券運賃),,,,483
816798943,ual-nmht,ユニアデックス,YSY,名前 氏名37,2026/2/3,C104123159-00002,2,関内,茅ヶ崎,JR(乗車券運賃),,,,594
816798876,ual-nmht,ユニアデックス,YSY,名前 氏名37,2026/2/4,C104123159-00002,1,,,,その他の費用(10%) 2/4 顧客対応当番16,,,2500
818104889,ual-nmht,ユニアデックス,YSY,名前 氏名37,2026/2/9,C104123159-00002,1,,,,その他の費用(10%) 2/7 顧客対応当番32,,,5000
818502204,ual-nmht,ユニアデックス,YSY,名前 氏名37,2026/2/10,C104123159-00002,1,,,,その他の費用(10%) 2/10 顧客対応当番16,,,2500
818181950,ual-nmht,ユニアデックス,YSY,名前 氏名37,2026/2/11,C104123159-00002,1,茅ヶ崎駅,茅野駅,JR(乗車券運賃),,,,3410
818181950,ual-nmht,ユニアデックス,YSY,名前 氏名37,2026/2/11,C104123159-00002,2,八王子駅,茅野駅,JR(特急料金),,,,1480
818181950,ual-nmht,ユニアデックス,YSY,名前 氏名37,2026/2/11,C104123159-00002,3,茅野駅,八王子駅,JR(特急料金),,,,1480
818181950,ual-nmht,ユニアデックス,YSY,名前 氏名37,2026/2/11,C104123159-00002,4,茅野駅,茅ヶ崎駅,JR(乗車券運賃),,,,3410
818181950,ual-nmht,ユニアデックス,YSY,名前 氏名37,2026/2/11,C104123159-00002,1,,,,出張(茅野工場)2/11,,,1200
819109186,ual-nmht,ユニアデックス,YSY,名前 氏名37,2026/2/13,C104123159-00002,1,,,,その他の費用(10%) 2/13 顧客対応当番16,,,2500
820885433,ual-nmht,ユニアデックス,YSY,名前 氏名37,2026/2/16,C104123159-00002,1,,,,その他の費用(10%) 2/16 顧客対応当番16,,,2500
820885645,ual-nmht,ユニアデックス,YSY,名前 氏名37,2026/2/18,C104123159-00002,1,,,,その他の費用(10%) 2/18 顧客対応当番16,,,2500
820886319,ual-nmht,ユニアデックス,YSY,名前 氏名37,2026/2/19,C104123159-00002,1,茅ヶ崎,新横浜,JR(乗車券運賃),,,,682
820886319,ual-nmht,ユニアデックス,YSY,名前 氏名37,2026/2/19,C104123159-00002,2,新横浜,岡山,新幹線,,,,17040
820886319,ual-nmht,ユニアデックス,YSY,名前 氏名37,2026/2/19,C104123159-00002,3,岡山,新大阪,新幹線,,,,5740
820886319,ual-nmht,ユニアデックス,YSY,名前 氏名37,2026/2/19,C104123159-00002,4,新大阪,心斎橋,地下鉄,,,,240
820886319,ual-nmht,ユニアデックス,YSY,名前 氏名37,2026/2/19,C104123159-00002,1,,,,その他の費用(10%) 2/19 顧客対応当番16,,,2500
820886319,ual-nmht,ユニアデックス,YSY,名前 氏名37,2026/2/19,C104123159-00002,2,,,,出張(岡山営業所)2/19,,,1200
820886319,ual-nmht,ユニアデックス,YSY,名前 氏名37,2026/2/19,C104123159-00002,3,,,,宿泊費 2/19,,,7700
820886620,ual-nmht,ユニアデックス,YSY,名前 氏名37,2026/2/20,C104123159-00002,1,心斎橋,新大阪,地下鉄,,,,240
820886620,ual-nmht,ユニアデックス,YSY,名前 氏名37,2026/2/20,C104123159-00002,2,新大阪,新横浜,新幹線,,,,13870
820886620,ual-nmht,ユニアデックス,YSY,名前 氏名37,2026/2/20,C104123159-00002,3,新横浜,茅ヶ崎,JR(乗車券運賃),,,,682
820886620,ual-nmht,ユニアデックス,YSY,名前 氏名37,2026/2/20,C104123159-00002,1,,,,出張(大阪支社)2/20,,,1200
821341442,ual-nmht,ユニアデックス,YSY,名前 氏名37,2026/2/24,C104123159-00002,1,,,,その他の費用(10%) 2/22 顧客対応当番32,,,5000
821341631,ual-nmht,ユニアデックス,YSY,名前 氏名37,2026/2/25,C104123159-00002,1,,,,その他の費用(10%) 2/26 顧客対応当番16,,,2500
822517991,ual-nmht,ユニアデックス,YSY,名前 氏名37,2026/2/27,C104123159-00002,1,,,,その他の費用(10%) 2/28 顧客対応当番32,,,5000
815631204,ual-nmht,ユニアデックス,YKI2,名前 氏名38,2026/2/2,C104166888-00000,1,,,,その他の費用(10％) 2/2 顧客当番16,,,2500
816193174,ual-nmht,ユニアデックス,YKI2,名前 氏名38,2026/2/3,C104166888-00000,1,新橋,関内,電車,,,,490
816193174,ual-nmht,ユニアデックス,YKI2,名前 氏名38,2026/2/3,C104166888-00000,2,関内,新橋,電車,,,,490
817785054,ual-nmht,ユニアデックス,YKI2,名前 氏名38,2026/2/9,C104166888-00000,1,,,,その他の費用(10％) 2/8 顧客当番32,,,5000
818574427,ual-nmht,ユニアデックス,YKI2,名前 氏名38,2026/2/11,C104166888-00000,1,上野,新宿,電車,,,,208
818574427,ual-nmht,ユニアデックス,YKI2,名前 氏名38,2026/2/11,C104166888-00000,2,新宿,茅野,電車,,,,5650
818574427,ual-nmht,ユニアデックス,YKI2,名前 氏名38,2026/2/11,C104166888-00000,3,茅野,新宿,電車,,,,5650
818574427,ual-nmht,ユニアデックス,YKI2,名前 氏名38,2026/2/11,C104166888-00000,4,新宿,上野,電車,,,,208
818574427,ual-nmht,ユニアデックス,YKI2,名前 氏名38,2026/2/11,C104166888-00000,1,,,,その他の費用(10％) 2/11 顧客当番32,,,5000
818574427,ual-nmht,ユニアデックス,YKI2,名前 氏名38,2026/2/11,C104166888-00000,2,,,,出張手当,,,1200
819034058,ual-nmht,ユニアデックス,YKI2,名前 氏名38,2026/2/16,C104166888-00000,1,,,,その他の費用(10％) 2/14 顧客当番32,,,5000
819600499,ual-nmht,ユニアデックス,YKI2,名前 氏名38,2026/2/17,C104166888-00000,1,,,,その他の費用(10％) 2/17 顧客当番16,,,2500
820568303,ual-nmht,ユニアデックス,YKI2,名前 氏名38,2026/2/20,C104166888-00000,1,上野駅,新習志野駅,電車,,,,670
820568303,ual-nmht,ユニアデックス,YKI2,名前 氏名38,2026/2/20,C104166888-00000,2,新習志野駅,新橋駅,電車,,,,580
820568303,ual-nmht,ユニアデックス,YKI2,名前 氏名38,2026/2/20,C104166888-00000,1,,,,その他の費用(10％) 2/20 顧客当番16,,,2500
821215633,ual-nmht,ユニアデックス,YKI2,名前 氏名38,2026/2/24,C104166888-00000,1,上野,新潟,新幹線,,,,10150
821215633,ual-nmht,ユニアデックス,YKI2,名前 氏名38,2026/2/24,C104166888-00000,2,新潟,上野,新幹線,,,,10020
821215633,ual-nmht,ユニアデックス,YKI2,名前 氏名38,2026/2/24,C104166888-00000,1,,,,その他の費用(10％) 2/23 顧客当番32,,,5000
821215633,ual-nmht,ユニアデックス,YKI2,名前 氏名38,2026/2/24,C104166888-00000,2,,,,出張手当,,,1200
821424575,ual-nmht,ユニアデックス,YKI2,名前 氏名38,2026/2/26,C104166888-00000,1,,,,その他の費用(10％) 2/26 顧客当番16,,,2500
816558261,ual-nmht,ユニアデックス,SYZ,名前 氏名39,2026/2/3,C104172886-00000,1,,,,その他の費用(10%) 2/3 顧客対応当番16,,,2500
817634709,ual-nmht,ユニアデックス,SYZ,名前 氏名39,2026/2/6,C104172886-00000,1,,,,その他の費用(10%) 2/6 顧客対応当番16,,,2500
817634671,ual-nmht,ユニアデックス,SYZ,名前 氏名39,2026/2/9,C104172886-00000,1,,,,その他の費用(10%) 2/9 顧客対応当番16,,,2500
818316786,ual-nmht,ユニアデックス,SYZ,名前 氏名39,2026/2/11,C104172886-00000,1,南浦和,茅野,JR(乗車券運賃),,,,3410
818316786,ual-nmht,ユニアデックス,SYZ,名前 氏名39,2026/2/11,C104172886-00000,2,立川,茅野,JR(特急料金),,,,2140
818316786,ual-nmht,ユニアデックス,SYZ,名前 氏名39,2026/2/11,C104172886-00000,3,茅野駅,キッツ 茅野工場,タクシー,,,,2300
818316786,ual-nmht,ユニアデックス,SYZ,名前 氏名39,2026/2/11,C104172886-00000,4,キッツ 茅野工場,茅野駅,タクシー,,,,2600
818316786,ual-nmht,ユニアデックス,SYZ,名前 氏名39,2026/2/11,C104172886-00000,5,茅野,南浦和,JR(乗車券運賃),,,,3410
818316786,ual-nmht,ユニアデックス,SYZ,名前 氏名39,2026/2/11,C104172886-00000,6,茅野,立川,JR(特急料金),,,,2140
818316786,ual-nmht,ユニアデックス,SYZ,名前 氏名39,2026/2/11,C104172886-00000,1,,,,2/11 日当,,,1200
818618047,ual-nmht,ユニアデックス,SYZ,名前 氏名39,2026/2/12,C104172886-00000,1,,,,その他の費用(10%) 2/12 顧客対応当番16,,,2500
819079706,ual-nmht,ユニアデックス,SYZ,名前 氏名39,2026/2/16,C104172886-00000,1,,,,その他の費用(10%) 2/15 顧客対応当番32,,,5000
820253429,ual-nmht,ユニアデックス,SYZ,名前 氏名39,2026/2/18,C104172886-00000,1,,,,その他の費用(10%) 2/18 顧客対応当番16,,,2500
820819706,ual-nmht,ユニアデックス,SYZ,名前 氏名39,2026/2/20,C104172886-00000,1,汐留,春日,地下鉄,,,,272
820819706,ual-nmht,ユニアデックス,SYZ,名前 氏名39,2026/2/20,C104172886-00000,2,春日,汐留,地下鉄,,,,272
820820340,ual-nmht,ユニアデックス,SYZ,名前 氏名39,2026/2/24,C104172886-00000,1,,,,その他の費用(10%) 2/21 顧客対応当番32,,,5000
820820340,ual-nmht,ユニアデックス,SYZ,名前 氏名39,2026/2/24,C104172886-00000,2,,,,その他の費用(10%) 2/24 顧客対応当番16,,,2500
822255233,ual-nmht,ユニアデックス,SYZ,名前 氏名39,2026/2/27,C104172886-00000,1,,,,その他の費用(10%) 2/27 顧客対応当番16,,,2500
817295834,ual-nmht,ユニアデックス,OHR,名前 氏名40,2026/2/2,C104178043-00000,1,岡山,博多,新幹線　2/1,,,,13370
817295834,ual-nmht,ユニアデックス,OHR,名前 氏名40,2026/2/2,C104178043-00000,1,,,,手当,,,1200
817871910,ual-nmht,ユニアデックス,OHR,名前 氏名40,2026/2/8,C104178043-00000,1,博多,福岡空港,JR　2/7,,,,260
817871910,ual-nmht,ユニアデックス,OHR,名前 氏名40,2026/2/8,C104178043-00000,2,福岡空港,那覇空港,JAL 2/7,,,,35440
817871910,ual-nmht,ユニアデックス,OHR,名前 氏名40,2026/2/8,C104178043-00000,3,那覇空港,ホテル（桜坂）,タクシー　2/7,,,,2750
817871910,ual-nmht,ユニアデックス,OHR,名前 氏名40,2026/2/8,C104178043-00000,1,,,,手当 2/7,,,2800
817871910,ual-nmht,ユニアデックス,OHR,名前 氏名40,2026/2/8,C104178043-00000,2,,,,宿泊費（2泊）,,,26000
817871910,ual-nmht,ユニアデックス,OHR,名前 氏名40,2026/2/8,C104178043-00000,3,,,,手当 2/8,,,1200
817959741,ual-nmht,ユニアデックス,OHR,名前 氏名40,2026/2/9,C104178043-00000,1,那覇空港,福岡空港,JAL,,,,33020
817959741,ual-nmht,ユニアデックス,OHR,名前 氏名40,2026/2/9,C104178043-00000,2,福岡空港,博多,JR,,,,260
817959741,ual-nmht,ユニアデックス,OHR,名前 氏名40,2026/2/9,C104178043-00000,1,,,,手当,,,1200
817599198,ual-nmht,ユニアデックス,YYM,名前 氏名41,2026/2/7,C104200448-00001,1,中山駅,都筑ふれあいの丘駅,電車,,,,484
818651298,ual-nmht,ユニアデックス,YYM,名前 氏名41,2026/2/11,C104200448-00001,1,中山駅,センター南駅,電車,,,,242
818651298,ual-nmht,ユニアデックス,YYM,名前 氏名41,2026/2/11,C104200448-00001,2,センター南駅,柿生駅,タクシー,,,,5900
820872430,ual-nmht,ユニアデックス,YYM,名前 氏名41,2026/2/17,C104200448-00001,1,中山駅,センター南駅,電車,,,,242
820872430,ual-nmht,ユニアデックス,YYM,名前 氏名41,2026/2/17,C104200448-00001,2,センター南駅,中山駅,電車,,,,242
820871972,ual-nmht,ユニアデックス,YYM,名前 氏名41,2026/2/24,C104200448-00001,1,橋本駅,柿生駅,タクシー,,,,8500
821544955,ual-nmht,ユニアデックス,YYM,名前 氏名41,2026/2/26,C104200448-00001,1,町田駅,鶴巻温泉駅,電車,,,,356
821544955,ual-nmht,ユニアデックス,YYM,名前 氏名41,2026/2/26,C104200448-00001,2,鶴巻温泉駅,町田駅,電車,,,,356
